Year,Nt
1994,0.01153274
1995,0.06124357
1996,0.077397
1997,0.27899847
1998,0.3958539
1999,0.31773667
2000,0.27279968
2001,0.3437816
2002,0.66845676
2003,0.21781153
2004,0.74067046
2005,0.27741585
2006,0.61209068
2007,0.0532368
2008,0.13925081
2009,0.25372101
2010,0.42573099
2011,0.20980392
2012,0.3606383
2013,0.23402778
